<?xml version="1.0" encoding="UTF-8"?>
<project-private xmlns="http://www.netbeans.org/ns/project-private/1">
    <editor-bookmarks xmlns="http://www.netbeans.org/ns/editor-bookmarks/2" lastBookmarkId="0"/>
    <open-files xmlns="http://www.netbeans.org/ns/projectui-open-files/2">
        <group>
            <file>file:/home/pperezp/Dropbox/Clases/2014/2do%20Semestre/Talle%20de%20programación%20lenguajes%20emergentes/clases/clase_5/clase_5/src/java/view/MenuServlet.java</file>
            <file>file:/home/pperezp/Dropbox/Clases/2014/2do%20Semestre/Talle%20de%20programación%20lenguajes%20emergentes/clases/clase_5/clase_5/src/java/view/WorkerListServlet.java</file>
            <file>file:/home/pperezp/Dropbox/Clases/2014/2do%20Semestre/Talle%20de%20programación%20lenguajes%20emergentes/clases/clase_5/clase_5/src/java/controller/WorkerRegisterServlet.java</file>
            <file>file:/home/pperezp/Dropbox/Clases/2014/2do%20Semestre/Talle%20de%20programación%20lenguajes%20emergentes/clases/clase_5/clase_5/src/java/model/DAO.java</file>
            <file>file:/home/pperezp/Dropbox/Clases/2014/2do%20Semestre/Talle%20de%20programación%20lenguajes%20emergentes/clases/clase_5/clase_5/src/java/model/Error.java</file>
            <file>file:/home/pperezp/Dropbox/Clases/2014/2do%20Semestre/Talle%20de%20programación%20lenguajes%20emergentes/clases/clase_5/clase_5/src/java/model/Worker.java</file>
            <file>file:/home/pperezp/Dropbox/Clases/2014/2do%20Semestre/Talle%20de%20programación%20lenguajes%20emergentes/clases/clase_5/clase_5/web/registrarTrabajador.jsp</file>
        </group>
    </open-files>
</project-private>
