<?xml version="1.0" encoding="UTF-8"?>
<project-private xmlns="http://www.netbeans.org/ns/project-private/1">
    <editor-bookmarks xmlns="http://www.netbeans.org/ns/editor-bookmarks/2" lastBookmarkId="0"/>
    <open-files xmlns="http://www.netbeans.org/ns/projectui-open-files/2">
        <group>
            <file>file:/C:/Users/Cristobal/Documents/NetBeansProjects/Crud/src/java/clasesjava/Motosdao.java</file>
            <file>file:/C:/Users/Cristobal/Documents/NetBeansProjects/Crud/src/java/clasesjava/Insertar.java</file>
            <file>file:/C:/Users/Cristobal/Documents/NetBeansProjects/Crud/src/java/clasesjava/Motos.java</file>
            <file>file:/C:/Users/Cristobal/Documents/NetBeansProjects/Crud/src/java/clasesjava/Borrar.java</file>
            <file>file:/C:/Users/Cristobal/Documents/NetBeansProjects/Crud/src/java/clasesjava/Editar2.java</file>
            <file>file:/C:/Users/Cristobal/Documents/NetBeansProjects/Crud/src/java/clasesjava/Editar.java</file>
            <file>file:/C:/Users/Cristobal/Documents/NetBeansProjects/Crud/src/java/clasesjava/Ver.java</file>
            <file>file:/C:/Users/Cristobal/Documents/NetBeansProjects/Crud/web/index.html</file>
        </group>
    </open-files>
</project-private>
